from_station_id,from_line,to_station_id,to_line,edge_type,distance_km,transfer_walk_min
1,Red Line,2,Red Line,ride,0.8887813042644572,
1,Red Line,232,Red Line,ride,1.203311827702466,
2,Red Line,1,Red Line,ride,0.8887813042644572,
2,Red Line,3,Red Line,ride,1.094598535983384,
3,Red Line,2,Red Line,ride,1.094598535983384,
3,Red Line,4,Red Line,ride,1.3718644273165372,
4,Red Line,3,Red Line,ride,1.3718644273165372,
4,Red Line,5,Red Line,ride,0.9271654483342318,
5,Red Line,4,Red Line,ride,0.9271654483342318,
5,Red Line,6,Red Line,ride,1.0524526703614554,
5,Red Line,5,Pink Line,transfer,0.0,4
6,Red Line,5,Red Line,ride,1.0524526703614554,
6,Red Line,7,Red Line,ride,1.6625913686503446,
7,Red Line,6,Red Line,ride,1.6625913686503446,
7,Red Line,8,Red Line,ride,2.185578593648447,
8,Red Line,7,Red Line,ride,2.185578593648447,
8,Red Line,9,Red Line,ride,1.1046873817083596,
8,Red Line,8,Violet Line,transfer,0.0,4
8,Red Line,8,Yellow Line,transfer,0.0,4
9,Red Line,8,Red Line,ride,1.1046873817083596,
9,Red Line,10,Red Line,ride,1.0262430786617427,
10,Red Line,9,Red Line,ride,1.0262430786617427,
10,Red Line,11,Red Line,ride,0.9286494301594399,
11,Red Line,10,Red Line,ride,0.9286494301594399,
11,Red Line,12,Red Line,ride,1.5323279946912145,
12,Red Line,11,Red Line,ride,1.5323279946912145,
12,Red Line,13,Red Line,ride,1.1758292216088992,
13,Red Line,12,Red Line,ride,1.1758292216088992,
13,Red Line,14,Red Line,ride,1.2444471959499035,
13,Red Line,13,Green Line,transfer,0.0,4
14,Red Line,13,Red Line,ride,1.2444471959499035,
14,Red Line,15,Red Line,ride,0.7331558737490663,
15,Red Line,14,Red Line,ride,0.7331558737490663,
15,Red Line,16,Red Line,ride,1.1768317341140977,
16,Red Line,15,Red Line,ride,1.1768317341140977,
16,Red Line,17,Red Line,ride,1.194680924960771,
16,Red Line,16,Pink Line,transfer,0.0,4
17,Red Line,16,Red Line,ride,1.194680924960771,
17,Red Line,18,Red Line,ride,0.9822354259848867,
18,Red Line,17,Red Line,ride,0.9822354259848867,
18,Red Line,19,Red Line,ride,0.8351628087246905,
19,Red Line,18,Red Line,ride,0.8351628087246905,
19,Red Line,20,Red Line,ride,1.251371689204797,
20,Red Line,19,Red Line,ride,1.251371689204797,
20,Red Line,21,Red Line,ride,1.2277547671912759,
21,Red Line,20,Red Line,ride,1.2277547671912759,
232,Red Line,1,Red Line,ride,1.203311827702466,
232,Red Line,231,Red Line,ride,1.236051189122352,
231,Red Line,232,Red Line,ride,1.236051189122352,
231,Red Line,230,Red Line,ride,1.2788508694545841,
230,Red Line,231,Red Line,ride,1.2788508694545841,
230,Red Line,229,Red Line,ride,1.1105478848453285,
229,Red Line,230,Red Line,ride,1.1105478848453285,
229,Red Line,228,Red Line,ride,1.2978399098937043,
228,Red Line,229,Red Line,ride,1.2978399098937043,
228,Red Line,227,Red Line,ride,0.7630884216863738,
227,Red Line,228,Red Line,ride,0.7630884216863738,
227,Red Line,226,Red Line,ride,1.488320025281391,
226,Red Line,227,Red Line,ride,1.488320025281391,
226,Red Line,225,Red Line,ride,0.9972802304249512,
225,Red Line,226,Red Line,ride,0.9972802304249512,
74,Pink Line,210,Pink Line,ride,1.7890867192829714,
74,Pink Line,74,Blue Line,transfer,0.0,4
210,Pink Line,74,Pink Line,ride,1.7890867192829714,
210,Pink Line,207,Pink Line,ride,2.0234880206702988,
207,Pink Line,210,Pink Line,ride,2.0234880206702988,
207,Pink Line,75,Pink Line,ride,3.9285759305217893,
75,Pink Line,207,Pink Line,ride,3.9285759305217893,
75,Pink Line,208,Pink Line,ride,3.181808650260506,
75,Pink Line,75,Blue Line,transfer,0.0,4
208,Pink Line,75,Pink Line,ride,3.181808650260506,
208,Pink Line,209,Pink Line,ride,0.5529502488846751,
209,Pink Line,208,Pink Line,ride,0.5529502488846751,
209,Pink Line,211,Pink Line,ride,2.868468964163167,
211,Pink Line,209,Pink Line,ride,2.868468964163167,
211,Pink Line,224,Pink Line,ride,4.768458279851314,
224,Pink Line,211,Pink Line,ride,4.768458279851314,
224,Pink Line,217,Pink Line,ride,11.879677537640097,
217,Pink Line,224,Pink Line,ride,11.879677537640097,
217,Pink Line,218,Pink Line,ride,0.9538407623935103,
218,Pink Line,217,Pink Line,ride,0.9538407623935103,
218,Pink Line,212,Pink Line,ride,7.121567302681706,
212,Pink Line,218,Pink Line,ride,7.121567302681706,
212,Pink Line,216,Pink Line,ride,5.039960770441569,
216,Pink Line,212,Pink Line,ride,5.039960770441569,
216,Pink Line,87,Pink Line,ride,10.966282496436106,
87,Pink Line,216,Pink Line,ride,10.966282496436106,
87,Pink Line,213,Pink Line,ride,6.756831723845691,
87,Pink Line,87,Blue Line,transfer,0.0,4
213,Pink Line,87,Pink Line,ride,6.756831723845691,
213,Pink Line,215,Pink Line,ride,3.0251659273742826,
215,Pink Line,213,Pink Line,ride,3.0251659273742826,
215,Pink Line,5,Pink Line,ride,2.2507883610294743,
5,Pink Line,215,Pink Line,ride,2.2507883610294743,
5,Pink Line,214,Pink Line,ride,1.2499248346118335,
5,Pink Line,5,Red Line,transfer,0.0,4
214,Pink Line,5,Pink Line,ride,1.2499248346118335,
214,Pink Line,222,Pink Line,ride,12.006972271304717,
222,Pink Line,214,Pink Line,ride,12.006972271304717,
222,Pink Line,223,Pink Line,ride,1.4888031256429939,
223,Pink Line,222,Pink Line,ride,1.4888031256429939,
223,Pink Line,221,Pink Line,ride,2.553880242708113,
221,Pink Line,223,Pink Line,ride,2.553880242708113,
221,Pink Line,127,Pink Line,ride,1.6641602674714329,
127,Pink Line,221,Pink Line,ride,1.6641602674714329,
127,Pink Line,206,Pink Line,ride,1.3203181443633225,
127,Pink Line,127,Violet Line,transfer,0.0,4
206,Pink Line,127,Pink Line,ride,1.3203181443633225,
206,Pink Line,56,Pink Line,ride,1.2483310004456267,
56,Pink Line,206,Pink Line,ride,1.2483310004456267,
56,Pink Line,204,Pink Line,ride,2.181634772814207,
56,Pink Line,56,Yellow Line,transfer,0.0,4
204,Pink Line,56,Pink Line,ride,2.181634772814207,
204,Pink Line,205,Pink Line,ride,0.0,
205,Pink Line,204,Pink Line,ride,0.0,
205,Pink Line,173,Pink Line,ride,17.12771895910668,
173,Pink Line,205,Pink Line,ride,17.12771895910668,
173,Pink Line,41,Pink Line,ride,1.8881453310631648,
41,Pink Line,173,Pink Line,ride,1.8881453310631648,
41,Pink Line,203,Pink Line,ride,14.322982882178453,
41,Pink Line,41,Yellow Line,transfer,0.0,4
203,Pink Line,41,Pink Line,ride,14.322982882178453,
203,Pink Line,181,Pink Line,ride,1.3493159915983584,
181,Pink Line,203,Pink Line,ride,1.3493159915983584,
181,Pink Line,174,Pink Line,ride,12.51037061552663,
174,Pink Line,181,Pink Line,ride,12.51037061552663,
174,Pink Line,16,Pink Line,ride,1.421486728299175,
16,Pink Line,174,Pink Line,ride,1.421486728299175,
16,Pink Line,175,Pink Line,ride,1.1289180448644538,
16,Pink Line,16,Red Line,transfer,0.0,4
175,Pink Line,16,Pink Line,ride,1.1289180448644538,
175,Pink Line,176,Pink Line,ride,1.7729498785310902,
176,Pink Line,175,Pink Line,ride,1.7729498785310902,
176,Pink Line,180,Pink Line,ride,7.129217740130769,
180,Pink Line,176,Pink Line,ride,7.129217740130769,
180,Pink Line,179,Pink Line,ride,1.762704731887553,
179,Pink Line,180,Pink Line,ride,1.762704731887553,
179,Pink Line,178,Pink Line,ride,1.5860087860248757,
178,Pink Line,179,Pink Line,ride,1.5860087860248757,
178,Pink Line,177,Pink Line,ride,2.353746218195235,
177,Pink Line,178,Pink Line,ride,2.353746218195235,
177,Pink Line,103,Pink Line,ride,1.0958147621637642,
103,Pink Line,177,Pink Line,ride,1.0958147621637642,
103,Pink Line,103,Blue Line,transfer,0.0,4
138,Violet Line,137,Violet Line,ride,1.0268629718794793,
138,Violet Line,139,Violet Line,ride,1.7431050359858637,
137,Violet Line,138,Violet Line,ride,1.0268629718794793,
137,Violet Line,136,Violet Line,ride,1.972098789054432,
136,Violet Line,137,Violet Line,ride,1.972098789054432,
136,Violet Line,135,Violet Line,ride,1.171478705878373,
135,Violet Line,136,Violet Line,ride,1.171478705878373,
135,Violet Line,134,Violet Line,ride,1.0872746466702243,
134,Violet Line,135,Violet Line,ride,1.0872746466702243,
134,Violet Line,133,Violet Line,ride,1.0950460317562507,
133,Violet Line,134,Violet Line,ride,1.0950460317562507,
133,Violet Line,132,Violet Line,ride,1.1504728394627919,
132,Violet Line,133,Violet Line,ride,1.1504728394627919,
132,Violet Line,131,Violet Line,ride,0.7806819031187783,
131,Violet Line,132,Violet Line,ride,0.7806819031187783,
131,Violet Line,130,Violet Line,ride,0.7328470197918395,
131,Violet Line,131,Magenta Line,transfer,0.0,4
130,Violet Line,131,Violet Line,ride,0.7328470197918395,
130,Violet Line,129,Violet Line,ride,1.2133526474481415,
129,Violet Line,130,Violet Line,ride,1.2133526474481415,
129,Violet Line,128,Violet Line,ride,1.2367790616213472,
128,Violet Line,129,Violet Line,ride,1.2367790616213472,
128,Violet Line,127,Violet Line,ride,0.6840774516415835,
127,Violet Line,128,Violet Line,ride,0.6840774516415835,
127,Violet Line,126,Violet Line,ride,1.5321762790463114,
127,Violet Line,127,Pink Line,transfer,0.0,4
126,Violet Line,127,Violet Line,ride,1.5321762790463114,
126,Violet Line,125,Violet Line,ride,1.0310666444750096,
125,Violet Line,126,Violet Line,ride,1.0310666444750096,
125,Violet Line,124,Violet Line,ride,1.441611269484939,
124,Violet Line,125,Violet Line,ride,1.441611269484939,
124,Violet Line,122,Violet Line,ride,3.0017431359245723,
124,Violet Line,52,Violet Line,ride,2.080358817786091,
122,Violet Line,124,Violet Line,ride,3.0017431359245723,
122,Violet Line,52,Violet Line,ride,3.133676181220282,
122,Violet Line,92,Violet Line,ride,0.6269954927036393,
52,Violet Line,122,Violet Line,ride,3.133676181220282,
52,Violet Line,92,Violet Line,ride,2.522253729223098,
52,Violet Line,124,Violet Line,ride,2.080358817786091,
52,Violet Line,52,Yellow Line,transfer,0.0,4
92,Violet Line,52,Violet Line,ride,2.522253729223098,
92,Violet Line,123,Violet Line,ride,1.555189809604715,
92,Violet Line,122,Violet Line,ride,0.6269954927036393,
92,Violet Line,92,Blue Line,transfer,0.0,4
123,Violet Line,92,Violet Line,ride,1.555189809604715,
123,Violet Line,158,Violet Line,ride,2.515073769358609,
158,Violet Line,123,Violet Line,ride,2.515073769358609,
158,Violet Line,159,Violet Line,ride,1.1335402527390233,
159,Violet Line,158,Violet Line,ride,1.1335402527390233,
159,Violet Line,160,Violet Line,ride,0.8041999748071167,
160,Violet Line,159,Violet Line,ride,0.8041999748071167,
160,Violet Line,8,Violet Line,ride,1.419082585408616,
8,Violet Line,160,Violet Line,ride,1.419082585408616,
8,Violet Line,8,Red Line,transfer,0.0,4
8,Violet Line,8,Yellow Line,transfer,0.0,4
139,Violet Line,138,Violet Line,ride,1.7431050359858637,
139,Violet Line,140,Violet Line,ride,1.7243634392303433,
140,Violet Line,139,Violet Line,ride,1.7243634392303433,
140,Violet Line,141,Violet Line,ride,1.5742846575514755,
141,Violet Line,140,Violet Line,ride,1.5742846575514755,
141,Violet Line,142,Violet Line,ride,0.9037664516908639,
142,Violet Line,141,Violet Line,ride,0.9037664516908639,
142,Violet Line,143,Violet Line,ride,2.030868430554238,
143,Violet Line,142,Violet Line,ride,2.030868430554238,
143,Violet Line,144,Violet Line,ride,1.175830307706003,
144,Violet Line,143,Violet Line,ride,1.175830307706003,
144,Violet Line,145,Violet Line,ride,1.2923498454585212,
145,Violet Line,144,Violet Line,ride,1.2923498454585212,
145,Violet Line,146,Violet Line,ride,1.887850816594347,
146,Violet Line,145,Violet Line,ride,1.887850816594347,
146,Violet Line,147,Violet Line,ride,2.3975344771102334,
147,Violet Line,146,Violet Line,ride,2.3975344771102334,
147,Violet Line,219,Violet Line,ride,1.731580776120602,
219,Violet Line,147,Violet Line,ride,1.731580776120602,
219,Violet Line,220,Violet Line,ride,2.2285153105902755,
220,Violet Line,219,Violet Line,ride,2.2285153105902755,
71,Yellow Line,70,Yellow Line,ride,1.447672036518123,
70,Yellow Line,71,Yellow Line,ride,1.447672036518123,
70,Yellow Line,69,Yellow Line,ride,1.1420263366062984,
69,Yellow Line,70,Yellow Line,ride,1.1420263366062984,
69,Yellow Line,68,Yellow Line,ride,1.2408877385061003,
68,Yellow Line,69,Yellow Line,ride,1.2408877385061003,
68,Yellow Line,67,Yellow Line,ride,0.9051042062838911,
68,Yellow Line,68,Rapid Metro,transfer,0.0,4
67,Yellow Line,68,Yellow Line,ride,0.9051042062838911,
67,Yellow Line,66,Yellow Line,ride,2.315793683029816,
66,Yellow Line,67,Yellow Line,ride,2.315793683029816,
66,Yellow Line,65,Yellow Line,ride,2.6896548655590893,
65,Yellow Line,66,Yellow Line,ride,2.6896548655590893,
65,Yellow Line,64,Yellow Line,ride,1.3420487837919575,
64,Yellow Line,65,Yellow Line,ride,1.3420487837919575,
64,Yellow Line,63,Yellow Line,ride,1.5533431982502028,
63,Yellow Line,64,Yellow Line,ride,1.5533431982502028,
63,Yellow Line,62,Yellow Line,ride,1.2665540352603988,
62,Yellow Line,63,Yellow Line,ride,1.2665540352603988,
62,Yellow Line,61,Yellow Line,ride,1.5933946264298338,
61,Yellow Line,62,Yellow Line,ride,1.5933946264298338,
61,Yellow Line,60,Yellow Line,ride,1.0355001390836929,
60,Yellow Line,61,Yellow Line,ride,1.0355001390836929,
60,Yellow Line,59,Yellow Line,ride,1.6906765036560174,
59,Yellow Line,60,Yellow Line,ride,1.6906765036560174,
59,Yellow Line,58,Yellow Line,ride,1.8356334637583942,
59,Yellow Line,59,Magenta Line,transfer,0.0,4
58,Yellow Line,59,Yellow Line,ride,1.8356334637583942,
58,Yellow Line,57,Yellow Line,ride,0.9336287775148677,
57,Yellow Line,58,Yellow Line,ride,0.9336287775148677,
57,Yellow Line,56,Yellow Line,ride,0.7920653717180799,
56,Yellow Line,57,Yellow Line,ride,0.7920653717180799,
56,Yellow Line,55,Yellow Line,ride,1.374416596780395,
56,Yellow Line,56,Pink Line,transfer,0.0,4
55,Yellow Line,56,Yellow Line,ride,1.374416596780395,
55,Yellow Line,54,Yellow Line,ride,1.1947271642819624,
54,Yellow Line,55,Yellow Line,ride,1.1947271642819624,
54,Yellow Line,53,Yellow Line,ride,1.560042368036231,
53,Yellow Line,54,Yellow Line,ride,1.560042368036231,
53,Yellow Line,52,Yellow Line,ride,0.42923101087197546,
52,Yellow Line,53,Yellow Line,ride,0.42923101087197546,
52,Yellow Line,51,Yellow Line,ride,0.8892529048413332,
52,Yellow Line,52,Violet Line,transfer,0.0,4
51,Yellow Line,52,Yellow Line,ride,0.8892529048413332,
51,Yellow Line,50,Yellow Line,ride,1.3132543103085346,
50,Yellow Line,51,Yellow Line,ride,1.3132543103085346,
50,Yellow Line,49,Yellow Line,ride,1.1496873884956478,
50,Yellow Line,50,Blue Line,transfer,0.0,4
49,Yellow Line,50,Yellow Line,ride,1.1496873884956478,
49,Yellow Line,48,Yellow Line,ride,0.8369873040151313,
49,Yellow Line,49,Airport Express,transfer,0.0,4
48,Yellow Line,49,Yellow Line,ride,0.8369873040151313,
48,Yellow Line,47,Yellow Line,ride,0.8094821282974847,
47,Yellow Line,48,Yellow Line,ride,0.8094821282974847,
47,Yellow Line,8,Yellow Line,ride,1.2770595295324882,
8,Yellow Line,47,Yellow Line,ride,1.2770595295324882,
8,Yellow Line,46,Yellow Line,ride,1.0513414557829688,
8,Yellow Line,8,Red Line,transfer,0.0,4
8,Yellow Line,8,Violet Line,transfer,0.0,4
46,Yellow Line,8,Yellow Line,ride,1.0513414557829688,
46,Yellow Line,45,Yellow Line,ride,1.2547276549635593,
45,Yellow Line,46,Yellow Line,ride,1.2547276549635593,
45,Yellow Line,44,Yellow Line,ride,1.1827065491266797,
44,Yellow Line,45,Yellow Line,ride,1.1827065491266797,
44,Yellow Line,40,Yellow Line,ride,0.3950250469018535,
40,Yellow Line,44,Yellow Line,ride,0.3950250469018535,
40,Yellow Line,43,Yellow Line,ride,0.2692892208239345,
43,Yellow Line,40,Yellow Line,ride,0.2692892208239345,
43,Yellow Line,42,Yellow Line,ride,1.3888008231276583,
42,Yellow Line,43,Yellow Line,ride,1.3888008231276583,
42,Yellow Line,41,Yellow Line,ride,1.4433878657945458,
41,Yellow Line,42,Yellow Line,ride,1.4433878657945458,
41,Yellow Line,38,Yellow Line,ride,3.1788310718405994,
41,Yellow Line,41,Pink Line,transfer,0.0,4
38,Yellow Line,41,Yellow Line,ride,3.1788310718405994,
38,Yellow Line,39,Yellow Line,ride,1.5270954442008164,
39,Yellow Line,38,Yellow Line,ride,1.5270954442008164,
39,Yellow Line,37,Yellow Line,ride,2.8366398056386593,
37,Yellow Line,39,Yellow Line,ride,2.8366398056386593,
37,Yellow Line,36,Yellow Line,ride,1.1103611092418257,
36,Yellow Line,37,Yellow Line,ride,1.1103611092418257,
202,Green Line,201,Green Line,ride,1.7387561137543714,
201,Green Line,202,Green Line,ride,1.7387561137543714,
201,Green Line,200,Green Line,ride,1.5532874975574886,
200,Green Line,201,Green Line,ride,1.5532874975574886,
200,Green Line,199,Green Line,ride,1.2472261413638617,
199,Green Line,200,Green Line,ride,1.2472261413638617,
199,Green Line,198,Green Line,ride,1.3180404298972748,
198,Green Line,199,Green Line,ride,1.3180404298972748,
198,Green Line,196,Green Line,ride,1.2692628760896185,
196,Green Line,198,Green Line,ride,1.2692628760896185,
196,Green Line,197,Green Line,ride,0.3956151183665334,
197,Green Line,196,Green Line,ride,0.3956151183665334,
197,Green Line,22,Green Line,ride,3.3998633381614556,
22,Green Line,197,Green Line,ride,3.3998633381614556,
22,Green Line,23,Green Line,ride,1.5206775873638236,
23,Green Line,22,Green Line,ride,1.5206775873638236,
23,Green Line,24,Green Line,ride,1.2020071008047588,
24,Green Line,23,Green Line,ride,1.2020071008047588,
24,Green Line,25,Green Line,ride,0.8334106761664497,
25,Green Line,24,Green Line,ride,0.8334106761664497,
25,Green Line,26,Green Line,ride,0.8957498052010092,
26,Green Line,25,Green Line,ride,0.8957498052010092,
26,Green Line,27,Green Line,ride,0.4747044942667636,
27,Green Line,26,Green Line,ride,0.4747044942667636,
27,Green Line,28,Green Line,ride,1.355937052393186,
28,Green Line,27,Green Line,ride,1.355937052393186,
28,Green Line,29,Green Line,ride,0.948383767010408,
29,Green Line,28,Green Line,ride,0.948383767010408,
29,Green Line,30,Green Line,ride,0.9979050394648784,
30,Green Line,29,Green Line,ride,0.9979050394648784,
30,Green Line,31,Green Line,ride,0.5017635614512121,
31,Green Line,30,Green Line,ride,0.5017635614512121,
31,Green Line,32,Green Line,ride,1.0817483468742488,
32,Green Line,31,Green Line,ride,1.0817483468742488,
32,Green Line,33,Green Line,ride,1.746490617337167,
33,Green Line,32,Green Line,ride,1.746490617337167,
33,Green Line,34,Green Line,ride,0.9054071211183989,
33,Green Line,100,Green Line,ride,1.9245897772199494,
34,Green Line,33,Green Line,ride,0.9054071211183989,
34,Green Line,13,Green Line,ride,1.4855953604313215,
34,Green Line,100,Green Line,ride,1.8730963384978665,
34,Green Line,35,Green Line,ride,1.075480045373406,
13,Green Line,34,Green Line,ride,1.4855953604313215,
13,Green Line,13,Red Line,transfer,0.0,4
100,Green Line,33,Green Line,ride,1.9245897772199494,
100,Green Line,34,Green Line,ride,1.8730963384978665,
100,Green Line,100,Blue Line,transfer,0.0,4
35,Green Line,34,Green Line,ride,1.075480045373406,
121,Airport Express,154,Airport Express,ride,3.111317034537496,
121,Airport Express,121,Blue Line,transfer,0.0,4
154,Airport Express,121,Airport Express,ride,3.111317034537496,
154,Airport Express,155,Airport Express,ride,3.2762368548852367,
155,Airport Express,154,Airport Express,ride,3.2762368548852367,
155,Airport Express,156,Airport Express,ride,6.222624173988737,
156,Airport Express,155,Airport Express,ride,6.222624173988737,
156,Airport Express,157,Airport Express,ride,6.228279476723972,
157,Airport Express,156,Airport Express,ride,6.228279476723972,
157,Airport Express,49,Airport Express,ride,2.0113824769179334,
49,Airport Express,157,Airport Express,ride,2.0113824769179334,
49,Airport Express,49,Yellow Line,transfer,0.0,4
113,Blue Line,114,Blue Line,ride,1.4451175882962033,
113,Blue Line,113,Grey Line,transfer,0.0,4
114,Blue Line,113,Blue Line,ride,1.4451175882962033,
114,Blue Line,112,Blue Line,ride,2.03235071771629,
114,Blue Line,115,Blue Line,ride,0.9016062337169793,
112,Blue Line,114,Blue Line,ride,2.03235071771629,
112,Blue Line,115,Blue Line,ride,2.481469782097062,
112,Blue Line,116,Blue Line,ride,3.1015479420751424,
115,Blue Line,112,Blue Line,ride,2.481469782097062,
115,Blue Line,116,Blue Line,ride,0.908351881891522,
115,Blue Line,114,Blue Line,ride,0.9016062337169793,
116,Blue Line,115,Blue Line,ride,0.908351881891522,
116,Blue Line,111,Blue Line,ride,3.1420722988634857,
116,Blue Line,112,Blue Line,ride,3.1015479420751424,
116,Blue Line,117,Blue Line,ride,1.0672419772181123,
111,Blue Line,116,Blue Line,ride,3.1420722988634857,
111,Blue Line,117,Blue Line,ride,3.781596980872662,
111,Blue Line,121,Blue Line,ride,7.629029640412593,
117,Blue Line,111,Blue Line,ride,3.781596980872662,
117,Blue Line,110,Blue Line,ride,3.9694683086240494,
117,Blue Line,116,Blue Line,ride,1.0672419772181123,
110,Blue Line,117,Blue Line,ride,3.9694683086240494,
110,Blue Line,118,Blue Line,ride,4.5129768439736235,
110,Blue Line,120,Blue Line,ride,6.288080112268667,
118,Blue Line,110,Blue Line,ride,4.5129768439736235,
118,Blue Line,121,Blue Line,ride,3.2023272802261515,
121,Blue Line,118,Blue Line,ride,3.2023272802261515,
121,Blue Line,109,Blue Line,ride,8.070138720692826,
121,Blue Line,111,Blue Line,ride,7.629029640412593,
121,Blue Line,121,Airport Express,transfer,0.0,4
109,Blue Line,121,Blue Line,ride,8.070138720692826,
109,Blue Line,119,Blue Line,ride,5.602941485098709,
109,Blue Line,108,Blue Line,ride,1.5421082915408266,
119,Blue Line,109,Blue Line,ride,5.602941485098709,
119,Blue Line,120,Blue Line,ride,0.9540118477476388,
120,Blue Line,119,Blue Line,ride,0.9540118477476388,
120,Blue Line,108,Blue Line,ride,7.2207077030334155,
120,Blue Line,110,Blue Line,ride,6.288080112268667,
108,Blue Line,120,Blue Line,ride,7.2207077030334155,
108,Blue Line,107,Blue Line,ride,0.9343716442628711,
108,Blue Line,109,Blue Line,ride,1.5421082915408266,
108,Blue Line,108,Magenta Line,transfer,0.0,4
107,Blue Line,108,Blue Line,ride,0.9343716442628711,
107,Blue Line,106,Blue Line,ride,1.0265705165808565,
106,Blue Line,107,Blue Line,ride,1.0265705165808565,
106,Blue Line,105,Blue Line,ride,0.7544149259878096,
105,Blue Line,106,Blue Line,ride,0.7544149259878096,
105,Blue Line,104,Blue Line,ride,1.0486653168143316,
104,Blue Line,105,Blue Line,ride,1.0486653168143316,
104,Blue Line,103,Blue Line,ride,1.1437377275796023,
103,Blue Line,104,Blue Line,ride,1.1437377275796023,
103,Blue Line,102,Blue Line,ride,0.9422150022951777,
103,Blue Line,103,Pink Line,transfer,0.0,4
102,Blue Line,103,Blue Line,ride,0.9422150022951777,
102,Blue Line,101,Blue Line,ride,1.041170527504301,
101,Blue Line,102,Blue Line,ride,1.041170527504301,
101,Blue Line,100,Blue Line,ride,0.8136093639568558,
100,Blue Line,101,Blue Line,ride,0.8136093639568558,
100,Blue Line,99,Blue Line,ride,0.8785989559090552,
100,Blue Line,100,Green Line,transfer,0.0,4
99,Blue Line,100,Blue Line,ride,0.8785989559090552,
99,Blue Line,98,Blue Line,ride,1.2894899375802018,
98,Blue Line,99,Blue Line,ride,1.2894899375802018,
98,Blue Line,96,Blue Line,ride,2.0890760587511936,
96,Blue Line,98,Blue Line,ride,2.0890760587511936,
96,Blue Line,97,Blue Line,ride,0.3735928673409609,
97,Blue Line,96,Blue Line,ride,0.3735928673409609,
97,Blue Line,95,Blue Line,ride,0.8048811672978631,
95,Blue Line,97,Blue Line,ride,0.8048811672978631,
95,Blue Line,94,Blue Line,ride,0.8504912677662457,
94,Blue Line,95,Blue Line,ride,0.8504912677662457,
94,Blue Line,50,Blue Line,ride,1.4746232612273695,
50,Blue Line,94,Blue Line,ride,1.4746232612273695,
50,Blue Line,93,Blue Line,ride,0.630148403050617,
50,Blue Line,50,Yellow Line,transfer,0.0,4
93,Blue Line,50,Blue Line,ride,0.630148403050617,
93,Blue Line,92,Blue Line,ride,1.0522040492966171,
92,Blue Line,93,Blue Line,ride,1.0522040492966171,
92,Blue Line,91,Blue Line,ride,0.8035309919080744,
92,Blue Line,92,Violet Line,transfer,0.0,4
91,Blue Line,92,Blue Line,ride,0.8035309919080744,
91,Blue Line,90,Blue Line,ride,0.8189947431974002,
90,Blue Line,91,Blue Line,ride,0.8189947431974002,
90,Blue Line,89,Blue Line,ride,1.773055690245087,
89,Blue Line,90,Blue Line,ride,1.773055690245087,
89,Blue Line,88,Blue Line,ride,1.2770855549161155,
89,Blue Line,78,Blue Line,ride,1.1117868158648159,
88,Blue Line,89,Blue Line,ride,1.2770855549161155,
88,Blue Line,87,Blue Line,ride,1.811477519609378,
87,Blue Line,88,Blue Line,ride,1.811477519609378,
87,Blue Line,86,Blue Line,ride,1.2479480912452299,
87,Blue Line,87,Pink Line,transfer,0.0,4
86,Blue Line,87,Blue Line,ride,1.2479480912452299,
86,Blue Line,85,Blue Line,ride,0.926122096066859,
85,Blue Line,86,Blue Line,ride,0.926122096066859,
85,Blue Line,84,Blue Line,ride,1.060414114001329,
84,Blue Line,85,Blue Line,ride,1.060414114001329,
84,Blue Line,83,Blue Line,ride,1.0146146380556766,
83,Blue Line,84,Blue Line,ride,1.0146146380556766,
83,Blue Line,82,Blue Line,ride,1.1070707717408976,
82,Blue Line,83,Blue Line,ride,1.1070707717408976,
82,Blue Line,81,Blue Line,ride,1.1162782823022441,
81,Blue Line,82,Blue Line,ride,1.1162782823022441,
81,Blue Line,80,Blue Line,ride,1.1225698062797105,
81,Blue Line,81,Magenta Line,transfer,0.0,4
80,Blue Line,81,Blue Line,ride,1.1225698062797105,
80,Blue Line,79,Blue Line,ride,1.325968691174488,
79,Blue Line,80,Blue Line,ride,1.325968691174488,
79,Blue Line,233,Blue Line,ride,0.956575178727365,
233,Blue Line,79,Blue Line,ride,0.956575178727365,
233,Blue Line,236,Blue Line,ride,3.3387357560316393,
236,Blue Line,233,Blue Line,ride,3.3387357560316393,
236,Blue Line,235,Blue Line,ride,1.2702515368907996,
235,Blue Line,236,Blue Line,ride,1.2702515368907996,
235,Blue Line,237,Blue Line,ride,2.151047019350566,
237,Blue Line,235,Blue Line,ride,2.151047019350566,
237,Blue Line,234,Blue Line,ride,3.352698405075136,
234,Blue Line,237,Blue Line,ride,3.352698405075136,
234,Blue Line,238,Blue Line,ride,4.6582527714139,
238,Blue Line,234,Blue Line,ride,4.6582527714139,
78,Blue Line,89,Blue Line,ride,1.1117868158648159,
78,Blue Line,77,Blue Line,ride,1.3745851218613143,
77,Blue Line,78,Blue Line,ride,1.3745851218613143,
77,Blue Line,76,Blue Line,ride,0.8570441132982218,
76,Blue Line,77,Blue Line,ride,0.8570441132982218,
76,Blue Line,75,Blue Line,ride,1.2266402127161813,
75,Blue Line,76,Blue Line,ride,1.2266402127161813,
75,Blue Line,74,Blue Line,ride,1.1470840797683222,
75,Blue Line,75,Pink Line,transfer,0.0,4
74,Blue Line,75,Blue Line,ride,1.1470840797683222,
74,Blue Line,73,Blue Line,ride,0.6194327015447169,
74,Blue Line,74,Pink Line,transfer,0.0,4
73,Blue Line,74,Blue Line,ride,0.6194327015447169,
73,Blue Line,72,Blue Line,ride,1.5825569007577678,
72,Blue Line,73,Blue Line,ride,1.5825569007577678,
81,Magenta Line,161,Magenta Line,ride,1.7990902225195615,
81,Magenta Line,81,Blue Line,transfer,0.0,4
161,Magenta Line,81,Magenta Line,ride,1.7990902225195615,
161,Magenta Line,162,Magenta Line,ride,1.5715201263554701,
162,Magenta Line,161,Magenta Line,ride,1.5715201263554701,
162,Magenta Line,163,Magenta Line,ride,1.361001717192378,
163,Magenta Line,162,Magenta Line,ride,1.361001717192378,
163,Magenta Line,164,Magenta Line,ride,1.7593129359089814,
164,Magenta Line,163,Magenta Line,ride,1.7593129359089814,
164,Magenta Line,165,Magenta Line,ride,0.5881518135875986,
165,Magenta Line,164,Magenta Line,ride,0.5881518135875986,
165,Magenta Line,166,Magenta Line,ride,1.1354539921044995,
166,Magenta Line,165,Magenta Line,ride,1.1354539921044995,
166,Magenta Line,167,Magenta Line,ride,1.162017018877043,
167,Magenta Line,166,Magenta Line,ride,1.162017018877043,
167,Magenta Line,131,Magenta Line,ride,0.8168330457460461,
131,Magenta Line,167,Magenta Line,ride,0.8168330457460461,
131,Magenta Line,182,Magenta Line,ride,0.8499159086318857,
131,Magenta Line,131,Violet Line,transfer,0.0,4
182,Magenta Line,131,Magenta Line,ride,0.8499159086318857,
182,Magenta Line,183,Magenta Line,ride,1.338568558881055,
183,Magenta Line,182,Magenta Line,ride,1.338568558881055,
183,Magenta Line,184,Magenta Line,ride,0.8678926009403514,
184,Magenta Line,183,Magenta Line,ride,0.8678926009403514,
184,Magenta Line,185,Magenta Line,ride,0.8754714267772495,
185,Magenta Line,184,Magenta Line,ride,0.8754714267772495,
185,Magenta Line,59,Magenta Line,ride,1.3564292014801098,
59,Magenta Line,185,Magenta Line,ride,1.3564292014801098,
59,Magenta Line,186,Magenta Line,ride,1.3252594198871075,
59,Magenta Line,59,Yellow Line,transfer,0.0,4
186,Magenta Line,59,Magenta Line,ride,1.3252594198871075,
186,Magenta Line,187,Magenta Line,ride,0.9414333423274602,
187,Magenta Line,186,Magenta Line,ride,0.9414333423274602,
187,Magenta Line,188,Magenta Line,ride,1.3431385048716968,
188,Magenta Line,187,Magenta Line,ride,1.3431385048716968,
188,Magenta Line,189,Magenta Line,ride,1.2957547114565264,
189,Magenta Line,188,Magenta Line,ride,1.2957547114565264,
189,Magenta Line,190,Magenta Line,ride,2.003708935421594,
190,Magenta Line,189,Magenta Line,ride,2.003708935421594,
190,Magenta Line,191,Magenta Line,ride,1.832165674882409,
191,Magenta Line,190,Magenta Line,ride,1.832165674882409,
191,Magenta Line,192,Magenta Line,ride,1.7038965975029416,
192,Magenta Line,191,Magenta Line,ride,1.7038965975029416,
192,Magenta Line,193,Magenta Line,ride,3.0711057848090215,
193,Magenta Line,192,Magenta Line,ride,3.0711057848090215,
193,Magenta Line,194,Magenta Line,ride,1.4756411744753282,
194,Magenta Line,193,Magenta Line,ride,1.4756411744753282,
194,Magenta Line,195,Magenta Line,ride,1.5320080956046858,
195,Magenta Line,194,Magenta Line,ride,1.5320080956046858,
195,Magenta Line,108,Magenta Line,ride,1.6889130116136408,
108,Magenta Line,195,Magenta Line,ride,1.6889130116136408,
108,Magenta Line,108,Blue Line,transfer,0.0,4
152,Rapid Metro,151,Rapid Metro,ride,0.6338686459184453,
151,Rapid Metro,152,Rapid Metro,ride,0.6338686459184453,
151,Rapid Metro,153,Rapid Metro,ride,0.6349374386114712,
153,Rapid Metro,151,Rapid Metro,ride,0.6349374386114712,
153,Rapid Metro,150,Rapid Metro,ride,0.585576298990199,
150,Rapid Metro,153,Rapid Metro,ride,0.585576298990199,
150,Rapid Metro,149,Rapid Metro,ride,0.6178760704523332,
149,Rapid Metro,150,Rapid Metro,ride,0.6178760704523332,
149,Rapid Metro,68,Rapid Metro,ride,0.7805816775178718,
68,Rapid Metro,149,Rapid Metro,ride,0.7805816775178718,
68,Rapid Metro,148,Rapid Metro,ride,0.1352049349945081,
68,Rapid Metro,68,Yellow Line,transfer,0.0,4
148,Rapid Metro,68,Rapid Metro,ride,0.1352049349945081,
148,Rapid Metro,168,Rapid Metro,ride,0.9845713975057231,
168,Rapid Metro,148,Rapid Metro,ride,0.9845713975057231,
168,Rapid Metro,169,Rapid Metro,ride,1.5270850570349601,
169,Rapid Metro,168,Rapid Metro,ride,1.5270850570349601,
169,Rapid Metro,170,Rapid Metro,ride,1.2678620281152293,
170,Rapid Metro,169,Rapid Metro,ride,1.2678620281152293,
170,Rapid Metro,171,Rapid Metro,ride,1.5396081939535455,
171,Rapid Metro,170,Rapid Metro,ride,1.5396081939535455,
171,Rapid Metro,172,Rapid Metro,ride,1.070554585091933,
172,Rapid Metro,171,Rapid Metro,ride,1.070554585091933,
241,Grey Line,240,Grey Line,ride,1.0698262226686654,
240,Grey Line,241,Grey Line,ride,1.0698262226686654,
240,Grey Line,239,Grey Line,ride,2.390851956415846,
239,Grey Line,240,Grey Line,ride,2.390851956415846,
239,Grey Line,113,Grey Line,ride,1.226531582298693,
113,Grey Line,239,Grey Line,ride,1.226531582298693,
113,Grey Line,113,Blue Line,transfer,0.0,4
508,Aqua Line,507,Aqua Line,ride,1.5780832907386484,
508,Aqua Line,509,Aqua Line,ride,1.089651617510923,
507,Aqua Line,508,Aqua Line,ride,1.5780832907386484,
507,Aqua Line,506,Aqua Line,ride,1.4538114760655163,
506,Aqua Line,507,Aqua Line,ride,1.4538114760655163,
506,Aqua Line,505,Aqua Line,ride,1.1179328421457047,
505,Aqua Line,506,Aqua Line,ride,1.1179328421457047,
505,Aqua Line,504,Aqua Line,ride,1.9500140893245719,
504,Aqua Line,505,Aqua Line,ride,1.9500140893245719,
504,Aqua Line,503,Aqua Line,ride,0.9029665872588423,
503,Aqua Line,504,Aqua Line,ride,0.9029665872588423,
503,Aqua Line,502,Aqua Line,ride,1.1655185114084754,
502,Aqua Line,503,Aqua Line,ride,1.1655185114084754,
502,Aqua Line,501,Aqua Line,ride,1.0209403582346082,
501,Aqua Line,502,Aqua Line,ride,1.0209403582346082,
501,Aqua Line,500,Aqua Line,ride,1.2574579984659013,
500,Aqua Line,501,Aqua Line,ride,1.2574579984659013,
520,Aqua Line,519,Aqua Line,ride,0.8605738508239434,
519,Aqua Line,520,Aqua Line,ride,0.8605738508239434,
519,Aqua Line,518,Aqua Line,ride,1.2778887235719316,
518,Aqua Line,519,Aqua Line,ride,1.2778887235719316,
518,Aqua Line,517,Aqua Line,ride,1.5084134193348866,
517,Aqua Line,518,Aqua Line,ride,1.5084134193348866,
517,Aqua Line,516,Aqua Line,ride,0.9435334156768953,
516,Aqua Line,517,Aqua Line,ride,0.9435334156768953,
516,Aqua Line,515,Aqua Line,ride,1.063054686066441,
515,Aqua Line,516,Aqua Line,ride,1.063054686066441,
515,Aqua Line,514,Aqua Line,ride,2.508610934648675,
514,Aqua Line,515,Aqua Line,ride,2.508610934648675,
514,Aqua Line,513,Aqua Line,ride,1.6433911982223266,
513,Aqua Line,514,Aqua Line,ride,1.6433911982223266,
513,Aqua Line,512,Aqua Line,ride,1.4917980504995283,
512,Aqua Line,513,Aqua Line,ride,1.4917980504995283,
512,Aqua Line,511,Aqua Line,ride,1.696355302793405,
511,Aqua Line,512,Aqua Line,ride,1.696355302793405,
511,Aqua Line,510,Aqua Line,ride,1.2175016381874653,
510,Aqua Line,511,Aqua Line,ride,1.2175016381874653,
510,Aqua Line,509,Aqua Line,ride,1.3598180631231187,
509,Aqua Line,510,Aqua Line,ride,1.3598180631231187,
509,Aqua Line,508,Aqua Line,ride,1.089651617510923,
