line,sequence,station_id,station_name,latitude,longitude
Red Line,1,21,Rithala,28.720821,77.105042
Red Line,2,20,Rohini West,28.715008,77.115746
Red Line,3,19,Rohini East,28.707941,77.125732
Red Line,4,18,Pitampura,28.70318,77.132355
Red Line,5,17,Kohat Enclave,28.697943,77.140465
Red Line,6,16,Netaji Subash Place,28.695637,77.152428
Red Line,7,15,Keshav Puram,28.688944,77.161774
Red Line,8,14,Kanhaiya Nagar,28.682386,77.162552
Red Line,9,13,Inderlok,28.673452,77.170235
Red Line,10,12,Shastri Nagar,28.670135,77.181679
Red Line,11,11,Pratap Nagar,28.666632,77.196869
Red Line,12,10,Pul Bangash,28.66571,77.206329
Red Line,13,9,Tis Hazari,28.667137,77.216721
Red Line,14,8,Kashmere Gate,28.667879,77.228012
Red Line,15,7,Shastri Park,28.668451,77.250404
Red Line,16,6,Seelam Pur,28.670324,77.267311
Red Line,17,5,Welcome,28.671986,77.277931
Red Line,18,4,Shahdara,28.673531,77.28727
Red Line,19,3,Mansrover park,28.675352,77.301178
Red Line,20,2,Jhilmil,28.675648,77.312393
Red Line,21,1,Dilshad Garden,28.675991,77.321495
Red Line,22,232,Shaheed Nagar,28.676615,77.333809
Red Line,23,231,Raj Bagh,28.677122,77.346466
Red Line,24,230,Major Mohit Sharma Rajender Nagar,28.678095,77.359528
Red Line,25,229,Shyam Park,28.678217,77.370911
Red Line,26,228,Mohan Nagar,28.67856,77.384209
Red Line,27,227,Arthala,28.6772,77.391876
Red Line,28,226,Hindon River,28.673508,77.40654
Red Line,29,225,Shaheed Sthal (New Bus Adda),28.670177,77.416031
Pink Line,1,74,Anand Vihar,28.647005,77.316185
Pink Line,2,210,IP Extension,28.631599,77.310898
Pink Line,3,207,Trilokpuri Sanjay Lake,28.613506,77.308678
Pink Line,4,75,Karkarduma,28.648653,77.304581
Pink Line,5,208,East Vinod Nagar - Mayur Vihar-II,28.620052,77.305588
Pink Line,6,209,Mandawali - West Vinod Nagar,28.624861,77.304146
Pink Line,7,211,Karkarduma Court,28.649473,77.295341
Pink Line,8,224,Mayur Vihar Pocket 1,28.606598,77.296326
Pink Line,9,217,Johri Enclave,28.713297,77.290154
Pink Line,10,218,Shiv Vihar,28.721863,77.289635
Pink Line,11,212,Krishna Nagar,28.65782,77.290306
Pink Line,12,216,Gokulpuri,28.703009,77.286301
Pink Line,13,87,Mayur Vihar-I,28.604425,77.289421
Pink Line,14,213,East Azad Nagar,28.665043,77.284599
Pink Line,15,215,Maujpur - Babarpur,28.692057,77.280922
Pink Line,16,5,Welcome,28.671986,77.277931
Pink Line,17,214,Jafrabad,28.682943,77.27507
Pink Line,18,222,Ashram,28.576065,77.25753
Pink Line,19,223,Sarai Kale Khan - Nizamuddin,28.5889,77.253189
Pink Line,20,221,Vinobapuri,28.566179,77.249367
Pink Line,21,127,Lajpat Nagar,28.570705,77.233124
Pink Line,22,206,South Extension,28.5686,77.219818
Pink Line,23,56,Dilli Haat - INA,28.575195,77.209473
Pink Line,24,204,Bhikaji Cama Place,28.570208,77.187866
Pink Line,25,205,Sarojini Nagar,28.570208,77.187866
Pink Line,26,173,Majlis Park,28.724157,77.182068
Pink Line,27,41,Azadpur,28.707287,77.179863
Pink Line,28,203,Sir Vishweshwaraiah Moti Bagh,28.578529,77.175713
Pink Line,29,181,Durgabai Deshmukh South Campus,28.589376,77.169518
Pink Line,30,174,Shalimar Bagh,28.70182,77.165184
Pink Line,31,16,Netaji Subash Place,28.695637,77.152428
Pink Line,32,175,Shakurpur,28.685781,77.149651
Pink Line,33,176,Punjabi Bagh West,28.672747,77.139183
Pink Line,34,180,Delhi Cantt.,28.608641,77.140373
Pink Line,35,179,Naraina Vihar,28.624121,77.136482
Pink Line,36,178,Mayapuri,28.637098,77.129738
Pink Line,37,177,ESI Basai Darapur,28.658159,77.127319
Pink Line,38,103,Rajouri Garden,28.649157,77.122749
Violet Line,1,8,Kashmere Gate,28.667879,77.228012
Violet Line,2,160,Lal Quila,28.657576,77.236595
Violet Line,3,159,Jama Masjid,28.650393,77.237556
Violet Line,4,158,Delhi Gate,28.640488,77.240303
Violet Line,5,123,Janpath,28.627817,77.218956
Violet Line,6,92,Mandi House,28.625816,77.234726
Violet Line,7,122,ITO,28.627205,77.240952
Violet Line,8,52,Central Secretariat,28.614973,77.212029
Violet Line,9,124,Khan Market,28.602682,77.228096
Violet Line,10,125,Jawahar Lal Nehru Stadium,28.590475,77.23307
Violet Line,11,126,Jangpura,28.583231,77.239662
Violet Line,12,127,Lajpat Nagar,28.570705,77.233124
Violet Line,13,128,Moolchand,28.564629,77.234222
Violet Line,14,129,Kailash Colony,28.554617,77.239738
Violet Line,15,130,Nehru Place,28.551134,77.251511
Violet Line,16,131,Kalkaji Mandir,28.549532,77.258789
Violet Line,17,132,Govind Puri,28.544413,77.264259
Violet Line,18,133,Harkesh Nagar Okhla,28.543194,77.275955
Violet Line,19,134,Jasola-Apollo,28.538084,77.285538
Violet Line,20,135,Sarita Vihar,28.528622,77.288345
Violet Line,21,136,Mohan Estate,28.51959,77.294518
Violet Line,22,137,Tughlakabad Station,28.502232,77.29866
Violet Line,23,138,Badarpur Border,28.4932,77.30085
Violet Line,24,139,Sarai,28.47794,77.304932
Violet Line,25,140,NHPC Chowk,28.462435,77.305252
Violet Line,26,141,Mewala Maharajpur,28.4485,77.308098
Violet Line,27,142,Sector-28,28.440586,77.305992
Violet Line,28,143,Badkal Mor,28.422707,77.310234
Violet Line,29,144,Old Faridabad,28.412172,77.311272
Violet Line,30,145,Neelam Chowk Ajronda,28.400707,77.309105
Violet Line,31,146,Bata Chowk,28.386362,77.298782
Violet Line,32,147,Escorts Mujesar,28.370199,77.315002
Violet Line,33,219,Sant Surdas (Sihi),28.354666,77.316261
Violet Line,34,220,Raja Nahar Singh,28.339899,77.331657
Yellow Line,1,71,Huda City Centre,28.459118,77.072586
Yellow Line,2,70,IFFCO Chowk,28.472137,77.072502
Yellow Line,3,69,MG Road,28.47967,77.080444
Yellow Line,4,68,Sikanderpur,28.481352,77.092995
Yellow Line,5,67,Gurudronacharya,28.482075,77.102219
Yellow Line,6,66,Arjan Garh,28.48082,77.12587
Yellow Line,7,65,Ghitorni,28.49383,77.149071
Yellow Line,8,64,Sultanpur,28.499214,77.161362
Yellow Line,9,63,Chhattarpur,28.506584,77.174866
Yellow Line,10,62,Qutab Minar,28.512714,77.185791
Yellow Line,11,61,Saket,28.520638,77.199379
Yellow Line,12,60,Malviya Nagar,28.52817,77.205612
Yellow Line,13,59,Hauz Khas,28.543346,77.206673
Yellow Line,14,58,Green Park,28.559853,77.206902
Yellow Line,15,57,AIIMS,28.568199,77.207947
Yellow Line,16,56,Dilli Haat - INA,28.575195,77.209473
Yellow Line,17,55,Jorbagh,28.587234,77.212662
Yellow Line,18,54,Lok Kalyan Marg,28.597519,77.209122
Yellow Line,19,53,Udyog Bhawan,28.611525,77.210052
Yellow Line,20,52,Central Secretariat,28.614973,77.212029
Yellow Line,21,51,Patel Chowk,28.622967,77.212288
Yellow Line,22,50,Rajiv Chowk,28.632896,77.219574
Yellow Line,23,49,New Delhi,28.642944,77.222351
Yellow Line,24,48,Chawri Bazar,28.649635,77.22628
Yellow Line,25,47,Chandni Chowk,28.656443,77.229218
Yellow Line,26,8,Kashmere Gate,28.667879,77.228012
Yellow Line,27,46,Civil Lines,28.676945,77.224953
Yellow Line,28,45,Vidhan Sabha,28.687845,77.221626
Yellow Line,29,44,Vishwavidyalaya,28.694765,77.212418
Yellow Line,30,40,Adarsh Nagar,28.696377,77.208809
Yellow Line,31,43,Guru Tegh Bahadur Nagar,28.698195,77.206985
Yellow Line,32,42,Model Town,28.702833,77.193764
Yellow Line,33,41,Azadpur,28.707287,77.179863
Yellow Line,34,38,Haiderpur Badli Mor,28.718657,77.149956
Yellow Line,35,39,Jahangirpuri,28.72818,77.16124
Yellow Line,36,37,Rohini Sector 18-19,28.740192,77.135574
Yellow Line,37,36,Samaypur Badli,28.742872,77.146545
Green Line,1,202,Brigadier Hoshiyar Singh,28.697428,76.919128
Green Line,2,201,Bahadurgarh City,28.690784,76.935265
Green Line,3,200,Pandit Shree Ram Sharma,28.689213,76.951088
Green Line,4,199,Tikri Border,28.687876,76.963783
Green Line,5,198,Tikri Kalan,28.686899,76.977249
Green Line,6,196,Mundka Industrial Area (M.I.A),28.68396,76.989822
Green Line,7,197,Ghevra Metro station,28.685289,76.993584
Green Line,8,22,Mundka,28.682411,77.028282
Green Line,9,23,Rajdhani Park,28.682217,77.043869
Green Line,10,24,Nangloi Railway Station,28.682091,77.05619
Green Line,11,25,Nangloi,28.682356,77.064728
Green Line,12,26,Maharaja Surajmal Stadium,28.681833,77.073891
Green Line,13,27,Udyog Nagar,28.681047,77.078674
Green Line,14,28,Peera Garhi,28.67972,77.092491
Green Line,15,29,Paschim Vihar (West),28.678539,77.102119
Green Line,16,30,Paschim Vihar (East),28.677305,77.112251
Green Line,17,31,Madipur,28.676418,77.117294
Green Line,18,32,Shivaji Park,28.674965,77.128258
Green Line,19,33,Punjabi Bagh,28.672943,77.146011
Green Line,20,100,Kirti Nagar,28.655773,77.148499
Green Line,21,34,Ashok Park Main,28.671572,77.155159
Green Line,22,35,Satguru Ram Singh Marg,28.662188,77.157829
Airport Express,1,121,Dwarka Sector - 21,28.552322,77.056198
Airport Express,2,154,IGI Airport,28.554869,77.087921
Airport Express,3,155,Delhi Aerocity,28.548792,77.120743
Airport Express,4,156,Dhaula Kuan,28.591776,77.161545
Airport Express,5,157,Shivaji Stadium,28.629007,77.209213
Airport Express,6,49,New Delhi,28.642944,77.222351
Blue Line,1,113,Dwarka,28.614899,77.022629
Blue Line,2,114,Dwarka Sector - 14,28.602232,77.02594
Blue Line,3,112,Dwarka Mor,28.619366,77.033188
Blue Line,4,115,Dwarka Sector - 13,28.59705,77.033043
Blue Line,5,116,Dwarka Sector - 12,28.592234,77.040558
Blue Line,6,111,Nawada,28.620222,77.044991
Blue Line,7,117,Dwarka Sector - 11,28.58642,77.049255
Blue Line,8,110,Uttam Nagar West,28.621672,77.055664
Blue Line,9,118,Dwarka Sector - 10,28.581108,77.05719
Blue Line,10,121,Dwarka Sector - 21,28.552322,77.056198
Blue Line,11,109,Uttam Nagar East,28.624643,77.063126
Blue Line,12,119,Dwarka Sector - 9,28.574284,77.065086
Blue Line,13,120,Dwarka Sector - 8,28.565706,77.064896
Blue Line,14,108,Janak Puri West,28.629637,77.077866
Blue Line,15,107,Janak Puri East,28.633121,77.086578
Blue Line,16,106,Tilak Nagar,28.636568,77.096336
Blue Line,17,105,Subash Nagar,28.640381,77.10273
Blue Line,18,104,Tagore Garden,28.643795,77.112747
Blue Line,19,103,Rajouri Garden,28.649157,77.122749
Blue Line,20,102,Ramesh Nagar,28.652809,77.131462
Blue Line,21,101,Moti Nagar,28.657803,77.140488
Blue Line,22,100,Kirti Nagar,28.655773,77.148499
Blue Line,23,99,Shadipur,28.65143,77.156021
Blue Line,24,98,Patel Nagar,28.645037,77.167046
Blue Line,25,96,Karol Bagh,28.643925,77.188416
Blue Line,26,97,Rajendra Place,28.64241,77.191833
Blue Line,27,95,Jhandewalan,28.644312,77.199791
Blue Line,28,94,RK Ashram Marg,28.639217,77.206291
Blue Line,29,50,Rajiv Chowk,28.632896,77.219574
Blue Line,30,93,Barakhamba,28.629662,77.224876
Blue Line,31,92,Mandi House,28.625816,77.234726
Blue Line,32,91,Supreme Court,28.623438,77.2425
Blue Line,33,90,Indraprastha,28.620272,77.250076
Blue Line,34,89,Yamuna Bank,28.623178,77.267937
Blue Line,35,88,Akshardham,28.618364,77.279816
Blue Line,36,87,Mayur Vihar-I,28.604425,77.289421
Blue Line,37,86,Mayur Vihar Ext,28.594124,77.294495
Blue Line,38,85,New Ashok Nagar,28.58847,77.30146
Blue Line,39,84,Noida Sec -15,28.585018,77.311584
Blue Line,40,83,Noida Sec -16,28.577921,77.318115
Blue Line,41,82,Noida Sec -18,28.570843,77.326088
Blue Line,42,81,Botanical Garden,28.564198,77.334656
Blue Line,43,80,Golf Course,28.566917,77.345726
Blue Line,44,79,Noida City Centre,28.574593,77.356117
Blue Line,45,233,Noida Sec-34,28.580229,77.363518
Blue Line,46,236,Noida Sec-59,28.609089,77.372955
Blue Line,47,235,Noida Sec-61,28.597677,77.372368
Blue Line,48,237,Noida Sec-62,28.616991,77.373611
Blue Line,49,234,Noida Sec-52,28.586849,77.372749
Blue Line,50,238,Noida Electronic City,28.628685,77.375229
Magenta Line,1,81,Botanical Garden,28.564198,77.334656
Magenta Line,2,161,Okhla Bird Sanctuary,28.552816,77.321564
Magenta Line,3,162,Kalindi Kunj,28.542835,77.310173
Magenta Line,4,163,Jasola Vihar Shaheen Bagh,28.546005,77.296715
Magenta Line,5,164,Okhla Vihar,28.561255,77.291916
Magenta Line,6,165,Jamia Millia Islamia,28.562944,77.286209
Magenta Line,7,166,Sukhdev Vihar,28.559887,77.275116
Magenta Line,8,167,Okhla NSIC,28.554575,77.26487
Magenta Line,9,131,Kalkaji Mandir,28.549532,77.258789
Magenta Line,10,182,Nehru Enclave,28.545856,77.25116
Magenta Line,11,183,Greater Kailash,28.541836,77.238243
Magenta Line,12,184,Chirag Delhi,28.541229,77.229385
Magenta Line,13,185,Panchsheel Park,28.542339,77.220512
Magenta Line,14,59,Hauz Khas,28.543346,77.206673
Magenta Line,15,186,IIT,28.547194,77.193832
Magenta Line,16,187,RK Puram,28.550486,77.184952
Magenta Line,17,188,Munirka,28.557821,77.174026
Magenta Line,18,189,Vasant Vihar,28.558378,77.160774
Magenta Line,19,190,Shankar Vihar,28.560787,77.140442
Magenta Line,20,191,Terminal 1- IGI Airport,28.565275,77.122391
Magenta Line,21,192,Sadar Bazar Contonment,28.577108,77.111305
Magenta Line,22,193,Palam,28.589067,77.082954
Magenta Line,23,194,Dashrath Puri,28.602333,77.08255
Magenta Line,24,195,Dabri Mor - Janakpuri South,28.615904,77.085258
Magenta Line,25,108,Janak Puri West,28.629637,77.077866
Rapid Metro,1,152,Moulsari Avenue (Rapid Metro),28.501572,77.094536
Rapid Metro,2,151,Cyber City (Rapid Metro),28.498478,77.089088
Rapid Metro,3,153,Phase 3 (Rapid Metro),28.494329,77.093552
Rapid Metro,4,150,Belvedere Towers (Rapid Metro),28.492065,77.088142
Rapid Metro,5,149,Phase 2 (Rapid Metro),28.488371,77.092865
Rapid Metro,6,68,Sikanderpur,28.481352,77.092995
Rapid Metro,7,148,Sikanderpur (Rapid Metro),28.480833,77.094246
Rapid Metro,8,168,Phase-I (Rapid Metro),28.471981,77.094009
Rapid Metro,9,169,Sector 42-43 (Rapid Metro),28.458475,77.09684
Rapid Metro,10,170,Sector 53-54 (Rapid Metro),28.447533,77.100487
Rapid Metro,11,171,Sector 54 Chowk (Rapid Metro),28.434212,77.104782
Rapid Metro,12,172,Sector 55-56 (Rapid Metro),28.424587,77.105042
Grey Line,1,241,Dhansa Bus Stand,28.611858,76.975426
Grey Line,2,240,Najafgarh,28.613316,76.986259
Grey Line,3,239,Nangli,28.61722,77.010345
Grey Line,4,113,Dwarka,28.614899,77.022629
Aqua Line,1,520,Depot Station,28.488651,77.544075
Aqua Line,2,519,GNIDA Office,28.484531,77.536621
Aqua Line,3,518,Delta 1,28.478374,77.525581
Aqua Line,4,517,Alpha 1,28.470879,77.512718
Aqua Line,5,516,Pari Chowk,28.463331,77.508308
Aqua Line,6,515,Knowledge Park,28.456865,77.500298
Aqua Line,7,514,Noida Sector 148,28.448021,77.476692
Aqua Line,8,513,Noida Sector 147,28.4594,77.465965
Aqua Line,9,512,Noida Sector 146,28.468822,77.455101
Aqua Line,10,511,Noida Sector 145,28.47913,77.442307
Aqua Line,11,510,Noida Sector 144,28.486376,77.432968
Aqua Line,12,509,Noida Sector 143,28.494246,77.422318
Aqua Line,13,508,Noida Sector 142,28.498999,77.412567
